{
    "raw_data": {
        "k=1": {
            "Precision@k": 0.09090909090909091,
            "Recall@k": 0.09090909090909091,
            "Avg Retrieval Time (s)": 6.089969114823775e-05
        },
        "k=3": {
            "Precision@k": 0.07575757575757576,
            "Recall@k": 0.22727272727272727,
            "Avg Retrieval Time (s)": 6.071184620712743e-05
        },
        "k=7": {
            "Precision@k": 0.05735930735930736,
            "Recall@k": 0.4015151515151515,
            "Avg Retrieval Time (s)": 6.232478401877664e-05
        },
        "k=15": {
            "Precision@k": 0.04040404040404041,
            "Recall@k": 0.6060606060606061,
            "Avg Retrieval Time (s)": 6.517135735714075e-05
        }
    },
    "abstractive_summary": {
        "k=1": {
            "Precision@k": 0.030303030303030304,
            "Recall@k": 0.0101010101010101,
            "Avg Retrieval Time (s)": 0.00016623012947313714
        },
        "k=3": {
            "Precision@k": 0.030303030303030304,
            "Recall@k": 0.030303030303030304,
            "Avg Retrieval Time (s)": 0.00016382607546719638
        },
        "k=7": {
            "Precision@k": 0.024891774891774892,
            "Recall@k": 0.05808080808080807,
            "Avg Retrieval Time (s)": 0.00016873171835234672
        },
        "k=15": {
            "Precision@k": 0.028282828282828285,
            "Recall@k": 0.1414141414141414,
            "Avg Retrieval Time (s)": 0.00017102559407552084
        }
    },
    "extractive_summary": {
        "k=1": {
            "Precision@k": 0.022727272727272728,
            "Recall@k": 0.007575757575757576,
            "Avg Retrieval Time (s)": 0.00016624277288263494
        },
        "k=3": {
            "Precision@k": 0.02525252525252525,
            "Recall@k": 0.02525252525252525,
            "Avg Retrieval Time (s)": 0.00016621929226499614
        },
        "k=7": {
            "Precision@k": 0.024891774891774892,
            "Recall@k": 0.05808080808080807,
            "Avg Retrieval Time (s)": 0.00016764619133689186
        },
        "k=15": {
            "Precision@k": 0.025757575757575757,
            "Recall@k": 0.12878787878787878,
            "Avg Retrieval Time (s)": 0.0001709154157927542
        }
    },
    "filtered_summary": {
        "k=1": {
            "Precision@k": 0.015151515151515152,
            "Recall@k": 0.00505050505050505,
            "Avg Retrieval Time (s)": 0.00016603686592795631
        },
        "k=3": {
            "Precision@k": 0.007575757575757576,
            "Recall@k": 0.007575757575757576,
            "Avg Retrieval Time (s)": 0.00016574426130814985
        },
        "k=7": {
            "Precision@k": 0.018398268398268396,
            "Recall@k": 0.04292929292929293,
            "Avg Retrieval Time (s)": 0.00016729578827366686
        },
        "k=15": {
            "Precision@k": 0.02777777777777778,
            "Recall@k": 0.13888888888888887,
            "Avg Retrieval Time (s)": 0.00017027963291515005
        }
    }
}